county,year,avg_monthly_rent,avg_monthly_earnings,rent_to_income_ratio,affordability_category
Carlow,2011,609.12,2336.93,26.064965574493034,Affordable
Carlow,2012,598.84,2309.24,25.932341376383576,Affordable
Carlow,2013,576.26,2325.4,24.78111292680829,Affordable
Carlow,2014,584.48,2330.27,25.0820720345711,Affordable
Carlow,2015,601.57,2346.35,25.638544974108722,Affordable
Carlow,2016,644.29,2355.51,27.35246294857589,Affordable
Carlow,2017,700.79,2408.38,29.097982876456367,Affordable
Carlow,2018,768.25,2486.23,30.900198292193405,Burdened
Carlow,2019,821.0,2602.45,31.547195911544897,Burdened
Carlow,2020,869.92,2689.9,32.34023569649429,Burdened
Carlow,2021,903.19,2779.64,32.493056654818616,Burdened
Carlow,2022,1003.48,2948.01,34.039233245477455,Burdened
Carlow,2023,1079.2,3057.67,35.29484869197788,Burdened
Carlow,2024,1179.63,3217.18,36.66658377834004,Burdened
Cavan,2011,453.24,2337.01,19.394012006795005,Affordable
Cavan,2012,436.66,2315.67,18.856745563918867,Affordable
Cavan,2013,441.21,2317.68,19.036709122916022,Affordable
Cavan,2014,440.47,2318.98,18.99412672813047,Affordable
Cavan,2015,466.74,2353.0,19.835954101147472,Affordable
Cavan,2016,511.21,2341.28,21.834637463267953,Affordable
Cavan,2017,556.68,2405.31,23.143794354989584,Affordable
Cavan,2018,585.04,2473.34,23.65384459880162,Affordable
Cavan,2019,624.74,2595.69,24.0683594728184,Affordable
Cavan,2020,654.46,2725.58,24.01176997189589,Affordable
Cavan,2021,675.13,2809.5,24.03025449368215,Affordable
Cavan,2022,752.46,2921.82,25.75312647596361,Affordable
Cavan,2023,839.32,3053.42,27.487866064937023,Affordable
Cavan,2024,940.04,3221.4,29.181101384491214,Affordable
Clare,2011,561.28,2526.81,22.212987917571958,Affordable
Clare,2012,545.02,2496.89,21.82795397474458,Affordable
Clare,2013,537.07,2505.52,21.435470481177564,Affordable
Clare,2014,544.86,2520.14,21.62022744768148,Affordable
Clare,2015,562.88,2535.26,22.202062115917105,Affordable
Clare,2016,603.88,2546.57,23.713465563483428,Affordable
Clare,2017,659.13,2611.62,25.238357800905188,Affordable
Clare,2018,714.01,2703.68,26.408820570481716,Affordable
Clare,2019,746.77,2813.36,26.54370574686496,Affordable
Clare,2020,784.8,2984.02,26.30009182244087,Affordable
Clare,2021,833.44,3044.47,27.375536628707138,Affordable
Clare,2022,898.78,3159.04,28.451048419773095,Affordable
Clare,2023,963.84,3295.65,29.24582404078103,Affordable
Clare,2024,1133.63,3460.73,32.75696168149494,Burdened
Cork,2011,699.26,2594.09,26.955888192005673,Affordable
Cork,2012,690.21,2586.22,26.687984780877116,Affordable
Cork,2013,691.52,2596.58,26.631954339939455,Affordable
Cork,2014,720.56,2596.15,27.754944822140477,Affordable
Cork,2015,760.28,2631.55,28.890957800535805,Affordable
Cork,2016,830.54,2671.31,31.09111260018493,Burdened
Cork,2017,899.58,2738.73,32.846611385569226,Burdened
Cork,2018,973.78,2834.11,34.35928739533751,Burdened
Cork,2019,1023.61,2961.38,34.5653040136693,Burdened
Cork,2020,1034.47,3115.69,33.20195526512587,Burdened
Cork,2021,1063.24,3203.96,33.18518333562216,Burdened
Cork,2022,1126.48,3383.79,33.2904819743542,Burdened
Cork,2023,1206.13,3539.28,34.07840012657942,Burdened
Cork,2024,1311.27,3742.03,35.041675240444356,Burdened
Donegal,2011,482.21,2035.15,23.694076603690142,Affordable
Donegal,2012,459.1,2030.06,22.615095120341273,Affordable
Donegal,2013,440.21,2001.96,21.988950828188376,Affordable
Donegal,2014,428.83,2003.74,21.40147923383273,Affordable
Donegal,2015,443.93,2024.67,21.926042268616612,Affordable
Donegal,2016,463.06,2027.18,22.84256948075652,Affordable
Donegal,2017,496.31,2092.31,23.72067236690548,Affordable
Donegal,2018,519.95,2168.25,23.98016833852185,Affordable
Donegal,2019,539.64,2277.15,23.698043607140505,Affordable
Donegal,2020,555.04,2443.11,22.718584099774468,Affordable
Donegal,2021,577.21,2473.23,23.338306586932877,Affordable
Donegal,2022,648.46,2578.14,25.152241538473476,Affordable
Donegal,2023,718.98,2698.95,26.63924859667649,Affordable
Donegal,2024,801.16,2878.7,27.830617987285926,Affordable
Dublin,2011,1046.37,2869.12,36.47006747713584,Burdened
Dublin,2012,1061.05,2856.97,37.138996909313015,Burdened
Dublin,2013,1103.73,2854.98,38.6598154803186,Burdened
Dublin,2014,1193.72,2854.2,41.82327797631561,Burdened
Dublin,2015,1296.61,2890.86,44.85205094677708,Burdened
Dublin,2016,1400.04,2973.77,47.07963292386432,Burdened
Dublin,2017,1513.45,3042.89,49.73725635826468,Burdened
Dublin,2018,1623.39,3141.78,51.671027252067304,Severely Burdened
Dublin,2019,1723.32,3289.65,52.38612010396242,Severely Burdened
Dublin,2020,1766.2,3545.9,49.80963930172876,Burdened
Dublin,2021,1782.15,3610.17,49.36471135708291,Burdened
Dublin,2022,1843.19,3836.71,48.04089962493908,Burdened
Dublin,2023,1934.91,4024.95,48.07289531546976,Burdened
Dublin,2024,2046.15,4205.29,48.65657303063522,Burdened
Galway,2011,682.24,2510.06,27.180226767487632,Affordable
Galway,2012,681.43,2455.66,27.74936269679027,Affordable
Galway,2013,690.57,2476.76,27.88199098822655,Affordable
Galway,2014,715.7,2522.37,28.374108477344723,Affordable
Galway,2015,759.67,2523.3,30.106210121666066,Burdened
Galway,2016,828.96,2553.31,32.46609303218176,Burdened
Galway,2017,893.96,2629.01,34.00367438693653,Burdened
Galway,2018,985.86,2701.81,36.488872274512275,Burdened
Galway,2019,1042.7,2833.4,36.80031058092751,Burdened
Galway,2020,1069.93,2948.04,36.29292682595894,Burdened
Galway,2021,1097.45,3034.79,36.16230447576274,Burdened
Galway,2022,1106.23,3198.78,34.58287222003389,Burdened
Galway,2023,1191.06,3329.69,35.77089759106703,Burdened
Galway,2024,1325.93,3541.33,37.44158268221261,Burdened
Kerry,2011,530.16,2233.21,23.739818467587014,Affordable
Kerry,2012,515.39,2207.68,23.345321785766053,Affordable
Kerry,2013,514.29,2206.95,23.303201250594714,Affordable
Kerry,2014,526.24,2214.73,23.760909907753994,Affordable
Kerry,2015,549.84,2223.07,24.73336422154948,Affordable
Kerry,2016,578.93,2196.72,26.35429185330857,Affordable
Kerry,2017,619.47,2271.19,27.275128897186057,Affordable
Kerry,2018,668.56,2338.55,28.588655363366183,Affordable
Kerry,2019,703.9,2443.4,28.80821805680609,Affordable
Kerry,2020,737.02,2593.24,28.420817201647363,Affordable
Kerry,2021,775.65,2658.98,29.1709602930447,Affordable
Kerry,2022,851.16,2781.83,30.5971249141752,Burdened
Kerry,2023,920.47,2889.9,31.85127513062736,Burdened
Kerry,2024,1050.51,3042.93,34.522976210428766,Burdened
Kildare,2011,754.2,2789.22,27.039817583410418,Affordable
Kildare,2012,744.66,2752.51,27.05385266538541,Affordable
Kildare,2013,755.24,2763.52,27.32891384900417,Affordable
Kildare,2014,805.42,2759.97,29.182201255810753,Affordable
Kildare,2015,887.68,2801.24,31.68882352101212,Burdened
Kildare,2016,968.32,2853.39,33.93577463998963,Burdened
Kildare,2017,1055.63,2923.7,36.105961623969634,Burdened
Kildare,2018,1121.43,3016.22,37.17998024016816,Burdened
Kildare,2019,1168.02,3143.34,37.15856382064937,Burdened
Kildare,2020,1216.35,3299.25,36.86746987951807,Burdened
Kildare,2021,1245.58,3386.41,36.781724599206825,Burdened
Kildare,2022,1303.68,3590.02,36.31400382170573,Burdened
Kildare,2023,1392.14,3749.36,37.13007019864724,Burdened
Kildare,2024,1504.92,3942.19,38.17472014286476,Burdened
Kilkenny,2011,623.07,2502.24,24.90048916171111,Affordable
Kilkenny,2012,619.56,2477.67,25.005751371247985,Affordable
Kilkenny,2013,618.18,2481.01,24.916465471723207,Affordable
Kilkenny,2014,628.33,2473.02,25.407396624370204,Affordable
Kilkenny,2015,662.12,2505.8,26.423497485832865,Affordable
Kilkenny,2016,707.93,2494.29,28.382024544058627,Affordable
Kilkenny,2017,762.88,2580.22,29.566471076109792,Affordable
Kilkenny,2018,821.87,2681.32,30.651693941789866,Burdened
Kilkenny,2019,874.25,2782.39,31.420828855767883,Burdened
Kilkenny,2020,876.66,2933.41,29.885355269123647,Affordable
Kilkenny,2021,884.69,3014.31,29.349668746744694,Affordable
Kilkenny,2022,935.92,3100.68,30.184346659442447,Burdened
Kilkenny,2023,1030.2,3267.4,31.529656607700314,Burdened
Kilkenny,2024,1064.73,3416.73,31.162251626555214,Burdened
Laois,2011,510.33,2537.71,20.109862829086065,Affordable
Laois,2012,501.14,2510.69,19.960249971123474,Affordable
Laois,2013,494.84,2512.84,19.692459527864884,Affordable
Laois,2014,514.17,2505.49,20.5217342715397,Affordable
Laois,2015,554.61,2529.48,21.925850372408558,Affordable
Laois,2016,627.13,2531.92,24.768950045815032,Affordable
Laois,2017,688.66,2602.34,26.463106281269933,Affordable
Laois,2018,746.92,2690.39,27.762517701894517,Affordable
Laois,2019,811.43,2797.75,29.00294879814136,Affordable
Laois,2020,840.31,2922.12,28.756861456750578,Affordable
Laois,2021,868.71,3000.99,28.947447342377018,Affordable
Laois,2022,922.84,3112.75,29.647096618745483,Affordable
Laois,2023,983.39,3253.97,30.22123744226284,Burdened
Laois,2024,1089.89,3406.83,31.991323312287378,Burdened
Leitrim,2011,416.78,2351.98,17.720388778816147,Affordable
Leitrim,2012,404.21,2301.31,17.56434378679969,Affordable
Leitrim,2013,401.06,2309.82,17.363257743027592,Affordable
Leitrim,2014,411.84,2297.06,17.929004901918102,Affordable
Leitrim,2015,435.43,2309.19,18.856395532632657,Affordable
Leitrim,2016,454.29,2291.1,19.8284666753961,Affordable
Leitrim,2017,478.56,2364.07,20.243055408680792,Affordable
Leitrim,2018,514.59,2425.95,21.211896370494035,Affordable
Leitrim,2019,551.24,2563.3,21.50509109351227,Affordable
Leitrim,2020,572.59,2707.75,21.146339211522484,Affordable
Leitrim,2021,598.36,2757.74,21.697476919506556,Affordable
Leitrim,2022,681.51,2886.5,23.610254633639354,Affordable
Leitrim,2023,744.18,2988.68,24.899955833344485,Affordable
Leitrim,2024,866.05,3158.31,27.42131076430116,Affordable
Limerick,2011,620.44,2566.74,24.172296375947706,Affordable
Limerick,2012,622.86,2518.04,24.735905704436785,Affordable
Limerick,2013,617.16,2519.45,24.495822500942666,Affordable
Limerick,2014,624.92,2517.08,24.82718070144771,Affordable
Limerick,2015,655.54,2535.2,25.857526033449034,Affordable
Limerick,2016,723.43,2552.36,28.34357222335407,Affordable
Limerick,2017,797.12,2625.53,30.360346291986755,Burdened
Limerick,2018,876.32,2706.06,32.3836130758372,Burdened
Limerick,2019,944.49,2843.97,33.21026593107522,Burdened
Limerick,2020,979.11,2967.15,32.998331732470554,Burdened
Limerick,2021,1025.15,3033.96,33.78917322575117,Burdened
Limerick,2022,1113.8,3243.78,34.33648397856821,Burdened
Limerick,2023,1212.33,3379.65,35.871465980205045,Burdened
Limerick,2024,1353.06,3585.86,37.733207654509656,Burdened
Longford,2011,425.44,2312.01,18.401304492627627,Affordable
Longford,2012,408.24,2264.6,18.027024640113044,Affordable
Longford,2013,400.47,2304.29,17.379322915084476,Affordable
Longford,2014,401.11,2282.61,17.572428053850636,Affordable
Longford,2015,424.64,2313.57,18.354318218164998,Affordable
Longford,2016,463.08,2293.11,20.194408467103624,Affordable
Longford,2017,518.94,2336.1,22.213946320791063,Affordable
Longford,2018,574.53,2390.77,24.031169874140968,Affordable
Longford,2019,612.43,2492.41,24.57179998475371,Affordable
Longford,2020,654.77,2584.32,25.33625866765725,Affordable
Longford,2021,677.22,2687.91,25.19504001250042,Affordable
Longford,2022,746.12,2816.36,26.492351830021725,Affordable
Longford,2023,838.11,2979.8,28.126384321095376,Affordable
Longford,2024,986.52,3118.21,31.637381702964202,Burdened
Louth,2011,627.85,2431.69,25.819491793773054,Affordable
Louth,2012,625.97,2437.74,25.678292188666557,Affordable
Louth,2013,619.45,2397.18,25.840779582676316,Affordable
Louth,2014,646.52,2410.35,26.822660609455056,Affordable
Louth,2015,683.65,2436.92,28.053854865978366,Affordable
Louth,2016,752.32,2448.19,30.729641081778787,Burdened
Louth,2017,842.07,2507.96,33.57589435238202,Burdened
Louth,2018,941.81,2578.66,36.52323299698293,Burdened
Louth,2019,1013.87,2701.32,37.53239157152799,Burdened
Louth,2020,1055.78,2797.62,37.738506301785094,Burdened
Louth,2021,1087.91,2872.31,37.87578638795952,Burdened
Louth,2022,1145.39,3044.99,37.615558671785465,Burdened
Louth,2023,1183.85,3182.08,37.203652956556716,Burdened
Louth,2024,1273.03,3342.22,38.08935378281502,Burdened
Mayo,2011,531.96,2277.04,23.361908442539438,Affordable
Mayo,2012,516.46,2241.89,23.036812689293413,Affordable
Mayo,2013,500.21,2253.42,22.1978148769426,Affordable
Mayo,2014,499.83,2257.84,22.13752967437905,Affordable
Mayo,2015,508.54,2287.27,22.233492329283383,Affordable
Mayo,2016,516.95,2277.99,22.69325150681083,Affordable
Mayo,2017,544.92,2360.74,23.082592746342247,Affordable
Mayo,2018,571.0,2422.14,23.574194720371246,Affordable
Mayo,2019,608.27,2555.28,23.8044363044363,Affordable
Mayo,2020,633.49,2678.11,23.654368192493962,Affordable
Mayo,2021,666.42,2745.91,24.26954998525079,Affordable
Mayo,2022,732.19,2879.93,25.42388183046116,Affordable
Mayo,2023,806.9,3011.41,26.794757273171037,Affordable
Mayo,2024,933.21,3193.13,29.225556115786077,Affordable
Meath,2011,662.79,2725.82,24.315251924191617,Affordable
Meath,2012,664.27,2703.46,24.571105176329592,Affordable
Meath,2013,653.57,2710.74,24.110390520669636,Affordable
Meath,2014,681.05,2700.45,25.21987076228036,Affordable
Meath,2015,753.81,2730.76,27.60440316981353,Affordable
Meath,2016,834.19,2768.63,30.130064327844458,Burdened
Meath,2017,926.74,2838.36,32.65054468073112,Burdened
Meath,2018,1014.99,2920.26,34.75683672001808,Burdened
Meath,2019,1059.46,3058.27,34.64246126077815,Burdened
Meath,2020,1099.56,3177.92,34.59998993052059,Burdened
Meath,2021,1137.7,3271.17,34.77960485086376,Burdened
Meath,2022,1190.26,3444.25,34.55788633229295,Burdened
Meath,2023,1278.02,3593.64,35.56338420097728,Burdened
Meath,2024,1378.11,3727.3,36.97341238966544,Burdened
Monaghan,2011,507.17,2167.14,23.402733556669162,Affordable
Monaghan,2012,495.66,2150.81,23.04527131638778,Affordable
Monaghan,2013,477.83,2141.17,22.316303703115583,Affordable
Monaghan,2014,484.11,2139.37,22.628624314634685,Affordable
Monaghan,2015,495.5,2162.42,22.914142488508244,Affordable
Monaghan,2016,524.06,2179.45,24.04551607056826,Affordable
Monaghan,2017,574.59,2246.01,25.58269998797868,Affordable
Monaghan,2018,614.39,2324.84,26.427194989762736,Affordable
Monaghan,2019,644.98,2434.49,26.493433943043517,Affordable
Monaghan,2020,664.85,2533.29,26.244527866924038,Affordable
Monaghan,2021,682.28,2622.15,26.019869191312473,Affordable
Monaghan,2022,749.41,2728.18,27.469228569962397,Affordable
Monaghan,2023,829.97,2852.1,29.10031205076961,Affordable
Monaghan,2024,912.7,3034.57,30.076748929831904,Burdened
Offaly,2011,528.59,2431.54,21.738897982348636,Affordable
Offaly,2012,524.85,2391.2,21.949230511876884,Affordable
Offaly,2013,523.37,2410.88,21.708670692859037,Affordable
Offaly,2014,542.96,2396.38,22.65750840851618,Affordable
Offaly,2015,553.39,2410.31,22.959287394567504,Affordable
Offaly,2016,578.12,2404.05,24.04775275056675,Affordable
Offaly,2017,617.86,2471.5,24.999393081124825,Affordable
Offaly,2018,660.98,2540.05,26.022322395228436,Affordable
Offaly,2019,706.06,2657.55,26.568079622208423,Affordable
Offaly,2020,757.01,2800.33,27.032885409933833,Affordable
Offaly,2021,788.69,2858.73,27.588824408041333,Affordable
Offaly,2022,860.29,2984.82,28.822173531402225,Affordable
Offaly,2023,923.98,3121.39,29.60155571716447,Affordable
Offaly,2024,1032.18,3284.82,31.42272635943522,Burdened
Roscommon,2011,482.48,2451.39,19.68189476174742,Affordable
Roscommon,2012,463.0,2372.81,19.512729632798244,Affordable
Roscommon,2013,447.7,2383.27,18.785114569478072,Affordable
Roscommon,2014,456.73,2381.8,19.17583340330842,Affordable
Roscommon,2015,465.63,2400.39,19.398097809106023,Affordable
Roscommon,2016,475.64,2400.13,19.81725989842217,Affordable
Roscommon,2017,530.48,2467.03,21.50277864476719,Affordable
Roscommon,2018,577.56,2544.06,22.70229475719912,Affordable
Roscommon,2019,622.39,2652.35,23.465605972062512,Affordable
Roscommon,2020,649.21,2801.96,23.16985253179917,Affordable
Roscommon,2021,689.69,2876.1,23.980042418552905,Affordable
Roscommon,2022,755.7,2980.38,25.355827109294786,Affordable
Roscommon,2023,858.69,3108.07,27.627756131618657,Affordable
Roscommon,2024,960.37,3299.21,29.109089751789064,Affordable
Sligo,2011,559.25,2451.93,22.80856305033178,Affordable
Sligo,2012,547.71,2458.69,22.276496833679722,Affordable
Sligo,2013,576.55,2432.65,23.70049123383964,Affordable
Sligo,2014,603.36,2409.25,25.043478260869566,Affordable
Sligo,2015,732.07,2427.43,30.158233193130187,Burdened
Sligo,2016,657.19,2419.28,27.164693627856224,Affordable
Sligo,2017,658.93,2478.88,26.581762731556186,Affordable
Sligo,2018,695.51,2525.36,27.541023854024772,Affordable
Sligo,2019,779.32,2656.86,29.33236978990237,Affordable
Sligo,2020,769.49,2798.49,27.496614245539565,Affordable
Sligo,2021,786.67,2853.72,27.566474636614664,Affordable
Sligo,2022,866.57,3009.59,28.793623051644907,Affordable
Sligo,2023,968.47,3132.83,30.913582926619064,Burdened
Sligo,2024,1069.41,3328.63,32.127632088877405,Burdened
Tipperary,2011,558.44,2425.74,23.021428512536385,Affordable
Tipperary,2012,543.52,2392.72,22.715570564044267,Affordable
Tipperary,2013,534.39,2391.48,22.34557679763159,Affordable
Tipperary,2014,541.64,2399.35,22.57444724612916,Affordable
Tipperary,2015,547.39,2410.7,22.706682706267888,Affordable
Tipperary,2016,568.7,2392.61,23.769022113925796,Affordable
Tipperary,2017,606.12,2447.94,24.760410794382214,Affordable
Tipperary,2018,636.04,2527.27,25.167077518428975,Affordable
Tipperary,2019,676.99,2637.29,25.669911158803167,Affordable
Tipperary,2020,705.86,2764.67,25.531437748447374,Affordable
Tipperary,2021,730.19,2832.68,25.777355719671835,Affordable
Tipperary,2022,785.35,2968.68,26.45451850654163,Affordable
Tipperary,2023,858.03,3118.21,27.516748390903757,Affordable
Tipperary,2024,944.01,3292.08,28.6751840781512,Affordable
Waterford,2011,588.52,2447.69,24.04389444741777,Affordable
Waterford,2012,572.28,2402.27,23.822467915763006,Affordable
Waterford,2013,557.29,2416.36,23.063202502938303,Affordable
Waterford,2014,561.85,2393.67,23.472324923652803,Affordable
Waterford,2015,580.73,2397.46,24.22271904432191,Affordable
Waterford,2016,617.91,2414.43,25.592375840260434,Affordable
Waterford,2017,680.76,2483.09,27.415840746811433,Affordable
Waterford,2018,763.88,2538.82,30.087993634838227,Burdened
Waterford,2019,817.2,2656.77,30.75915491367337,Burdened
Waterford,2020,843.34,2793.79,30.186234470021013,Burdened
Waterford,2021,888.13,2858.16,31.073487838329555,Burdened
Waterford,2022,978.6,3035.74,32.235962236555174,Burdened
Waterford,2023,1113.12,3185.78,34.94026580617619,Burdened
Waterford,2024,1203.49,3356.78,35.8525134205995,Burdened
Wexford,2011,600.94,2248.81,26.722577718882434,Affordable
Wexford,2012,573.12,2228.92,25.71290131543528,Affordable
Wexford,2013,570.04,2232.34,25.53553670139853,Affordable
Wexford,2014,570.65,2221.62,25.686210963171018,Affordable
Wexford,2015,576.93,2239.1,25.766156044839445,Affordable
Wexford,2016,605.81,2261.46,26.788446401881966,Affordable
Wexford,2017,663.81,2329.15,28.50009660176459,Affordable
Wexford,2018,718.46,2399.28,29.944816778366846,Affordable
Wexford,2019,748.46,2501.14,29.924754312033713,Affordable
Wexford,2020,778.51,2586.55,30.098393613113988,Burdened
Wexford,2021,808.1,2680.69,30.145223804319038,Burdened
Wexford,2022,873.35,2820.7,30.96217251036977,Burdened
Wexford,2023,967.61,2971.04,32.56805697668156,Burdened
Wexford,2024,1079.58,3114.69,34.66091328511023,Burdened
Wicklow,2011,853.61,2695.53,31.66761267728424,Burdened
Wicklow,2012,838.18,2652.46,31.600099530247387,Burdened
Wicklow,2013,843.38,2652.17,31.799620687964946,Burdened
Wicklow,2014,888.54,2646.35,33.576057588754324,Burdened
Wicklow,2015,967.19,2674.3,36.16609954006656,Burdened
Wicklow,2016,1034.74,2739.49,37.771263994393124,Burdened
Wicklow,2017,1126.29,2787.85,40.39994978209014,Burdened
Wicklow,2018,1201.07,2875.43,41.77010047192942,Burdened
Wicklow,2019,1246.57,3003.85,41.49907618556186,Burdened
Wicklow,2020,1282.24,3175.92,40.373812942391496,Burdened
Wicklow,2021,1333.7,3263.46,40.86766805782819,Burdened
Wicklow,2022,1374.04,3491.76,39.350929044378766,Burdened
Wicklow,2023,1442.89,3663.27,39.38803309611358,Burdened
Wicklow,2024,1626.51,3793.32,42.87827022239094,Burdened
